State/UT,Others,Others %
Arunachal Pradesh,26,20.63492063492063
Ladakh,1,20.0
Sikkim,20,16.12903225806452
Maharashtra,580,10.45045045045045
Jharkhand,435,8.556254917387882
