Gender_Code,Gender_Name,Registration_count,Percentage_of_Total
F,FEMALE,151014293,52.79490486910723
M,MALE,135019374,47.20304856055188
T,TRANSGENDER,5854,0.0020465703408865657
