Religion,Value
Hindu %,80.12711864406779
Muslim %,10.63559322033898
Sikh %,0.0
Christian %,8.220338983050848
Others %,1.016949152542373
