Religion,Value
Hindu %,29.79489024829075
Muslim %,7.304785894206549
Sikh %,52.96869377473912
Christian %,4.49802087081684
Others %,5.433609211946743
