State,Grand Total,Mobilised Vacancies,Percentage
Chandigarh,39565.0,80293,202.93946670036647
Karnataka,494207.0,914759,185.0963260334232
Delhi,364206.0,279217,76.66457993553098
Tamil Nadu,913285.0,664304,72.73786386505854
Telangana,587230.0,414600,70.60265994584746
Uttarakhand,237219.0,124790,52.60539838714436
Haryana,384540.0,196127,51.00301659125188
Gujarat,513488.0,244586,47.63227183497959
Daman and Diu,1472.0,621,42.1875
Grand Total,24815027.0,10049859,40.49908549364061
