State/UT,Value
Andhra Pradesh,1.016949152542373
Arunachal Pradesh,20.63492063492063
Assam,1.187477509895646
Bihar,0.0775093657150239
Chhattisgarh,0.1147164863979023
Goa,0.0
Gujarat,0.0778614066960809
Haryana,0.0
Himachal Pradesh,0.3516998827667058
Jharkhand,8.556254917387882
Karnataka,1.843817787418655
Kerala,0.6183017312448474
Madhya Pradesh,0.6372692645766188
Maharashtra,10.45045045045045
Manipur,3.80952380952381
Meghalaya,3.932584269662921
Mizoram,2.974828375286041
Nagaland,0.0
Odisha,0.5855161787365177
Punjab,5.433609211946743
Rajasthan,0.6236601052426427
Sikkim,16.12903225806452
Tamil Nadu,0.45662100456621
Telangana,0.1047120418848168
Tripura,3.544303797468355
Uttar Pradesh,0.0523677713772723
Uttarakhand,0.290838584585555
West Bengal,0.3167505123905348
A & N Islands,7.2992700729927
Chandigarh,0.0
Dadra and Nagar Haveli and Daman and Diu,0.0
Delhi,0.3401360544217687
Jammu & Kashmir,1.257861635220126
Ladakh,20.0
Lakshadweep,0.0
Puducherry,0.0
