Ratio = Surfaced/Total,2009,2010,2011
Value,0.5995508902397025,0.6109024480785696,0.6177490052348839
