Ratio = Surfaced/Total,2009,2010,2011
Value,0.6429094196659204,0.6497594175103318,0.6536905307120559
