Ratio = Surfaced/Total,2009,2010,2011
Value,0.6531593406593407,0.6608749171479974,0.6650893064254233
