Ratio = Surfaced/Total,2009,2010,2011
Value,0.1409582884992721,0.14880072182260207,0.156400828821824
