Ratio = Surfaced/Total,2009,2010,2011
Value,0.4096154000788016,0.42645703485011793,0.4378224460740038
