Ratio = Surfaced/Total,2009,2010,2011
Value,0.6593072162128275,0.6752407709041617,0.6819347629436492
