Ratio = Surfaced/Total,2009,2010,2011
Value,0.9934036939313984,0.9961880559085133,0.9975247524752475
