Ratio = Surfaced/Total,2009,2010,2011
Value,0.7064449626550408,0.7068552334019644,0.7070291419320022
