Ratio = Surfaced/Total,2009,2010,2011
Value,0.7174403768770242,0.7106025492468134,0.7086666039333772
