Ratio = Surfaced/Total,2009,2010,2011
Value,0.9037336668360235,0.9060303057565514,0.9063756498578636
