Ratio = Surfaced/Total,2009,2010,2011
Value,0.9129940053285968,0.9202972421933684,0.9034724052816986
