Ratio = Surfaced/Total,2009,2010,2011
Value,0.6582184541345267,0.6811315102494971,0.6931801597064404
