Ratio = Surfaced/Total,2009,2010,2011
Value,0.4665391969407266,0.5053938688397361,0.5255003706449222
