Ratio = Surfaced/Total,2009,2010,2011
Value,0.6378297708453687,0.6626759931844678,0.6852277956741831
