Ratio = Surfaced/Total,2009,2010,2011
Value,0.6262877597345905,0.632482232542201,0.6356144839995316
