Ratio = Surfaced/Total,2009,2010,2011
Value,0.5479676012461059,0.5490922121356904,0.5484494583043436
