Ratio = Surfaced/Total,2009,2010,2011
Value,0.5611679523179378,0.5908116789089856,0.6078320062039707
