Ratio = Surfaced/Total,2009,2010,2011
Value,0.820235043163018,0.8262578075050411,0.8277140511691241
