Ratio = Surfaced/Total,2009,2010,2011
Value,0.3798239675016926,0.4091593205762202,0.4254429519678043
