Ratio = Surfaced/Total,2009,2010,2011
Value,0.6003267084127416,0.5775081182703812,0.5901201602136181
