Ratio = Surfaced/Total,2009,2010,2011
Value,0.82446396280031,0.7939727283144264,0.7136595310907238
