Ratio = Surfaced/Total,2009,2010,2011
Value,0.4453784090560481,0.4510666307632469,0.4530545305453055
