Ratio = Surfaced/Total,2009,2010,2011
Value,0.1861765270673673,0.20026635377948304,0.22685793320867267
