Ratio = Surfaced/Total,2009,2010,2011
Value,0.8764749262536873,0.8778877887788779,0.8773722627737226
