Ratio = Surfaced/Total,2009,2010,2011
Value,0.9026850806037581,0.9074469773745711,0.9099568847766442
