Ratio = Surfaced/Total,2009,2010,2011
Value,0.7849344727249326,0.7924944021495746,0.8079753686007675
