Ratio = Surfaced/Total,2009,2010,2011
Value,0.8856870683496071,0.8914027149321267,0.8896328293736501
