Ratio = Surfaced/Total,2009,2010,2011
Value,0.8198971479017427,0.8218147378390466,0.8239254649343087
