Ratio = Surfaced/Total,2009,2010,2011
Value,0.4033631397442549,0.4127422160897474,0.4205554897548265
