Ratio = Surfaced/Total,2009,2010,2011
Value,0.5304520436704864,0.5378981979673755,0.5411043691783185
