Ratio = Surfaced/Total,2009,2010,2011
Value,0.7427495177483786,0.7524622752326737,0.7627659792546431
