Ratio = Surfaced/Total,2009,2010,2011
Value,0.3605369266292174,0.37011017631637566,0.38613143321223625
