State/UT,Muslim,Muslim %
Himachal Pradesh,38,4.454865181711607
Mizoram,19,4.347826086956522
Chhattisgarh,212,3.474270730907899
Odisha,87,2.681047765793529
Sikkim,0,0.0
