State/UT,Hindu,Hindu %
Punjab,828,29.79489024829075
Nagaland,14,14.73684210526316
Meghalaya,18,10.1123595505618
Mizoram,12,2.745995423340961
Lakshadweep,0,0.0
