Ratio = Surfaced/Total,2009,2010,2011
Value,0.8272937548188126,0.8241167434715821,0.834054834054834
