Year,Total_Cases,YoY_Growth_%
2001,140459,
2002,140142,-0.2256886351177156
2003,137871,-1.620499207946224
2004,150652,9.270259880613029
2005,152199,1.026869872288461
2006,160194,5.252991149744735
2007,179628,12.1315405071351
2008,190234,5.904424699935418
2009,198106,4.138061545254801
2010,208367,5.17955034173625
2011,221951,6.51926648653578
2012,235173,5.957170726872141
