Religion,Value
Hindu %,55.47445255474452
Muslim %,13.86861313868613
Sikh %,0.0
Christian %,23.35766423357664
Others %,7.2992700729927
