Religion,Value
Hindu %,41.26984126984127
Muslim %,4.761904761904762
Sikh %,0.0
Christian %,33.33333333333333
Others %,20.63492063492063
