Religion,Value
Hindu %,48.03886290032386
Muslim %,47.24721122706009
Sikh %,1.619287513494063
Christian %,1.90716084922634
Others %,1.187477509895646
