Religion,Value
Hindu %,83.87805193127504
Muslim %,15.82482883348404
Sikh %,0.0904275933341945
Christian %,0.1291822761917065
Others %,0.0775093657150239
