Religion,Value
Hindu %,83.0945558739255
Muslim %,6.59025787965616
Sikh %,8.882521489971348
Christian %,1.432664756446991
Others %,0.0
