Religion,Value
Hindu %,92.29760734185513
Muslim %,3.474270730907899
Sikh %,0.5244182235332678
Christian %,3.588987217305802
Others %,0.1147164863979023
