Religion,Value
Hindu %,73.60544217687075
Muslim %,21.49659863945578
Sikh %,1.700680272108844
Christian %,2.857142857142857
Others %,0.3401360544217687
