Religion,Value
Hindu %,72.38095238095238
Muslim %,10.47619047619048
Sikh %,0.0
Christian %,17.14285714285714
Others %,0.0
