Religion,Value
Hindu %,79.15909680768233
Muslim %,19.59512068518038
Sikh %,0.3114456267843239
Christian %,0.8564754736568907
Others %,0.0778614066960809
