Religion,Value
Hindu %,76.66267225883763
Muslim %,16.71659676452966
Sikh %,5.30257639304973
Christian %,1.318154583582984
Others %,0.0
