Religion,Value
Hindu %,91.0902696365768
Muslim %,4.454865181711607
Sikh %,3.868698710433764
Christian %,0.2344665885111371
Others %,0.3516998827667058
