Religion,Value
Hindu %,46.54088050314466
Muslim %,47.79874213836478
Sikh %,4.40251572327044
Christian %,0.0
Others %,1.257861635220126
