Religion,Value
Hindu %,70.88906372934697
Muslim %,12.62785208497246
Sikh %,0.8261211644374508
Christian %,7.100708103855233
Others %,8.556254917387882
