Religion,Value
Hindu %,77.44034707158352
Muslim %,18.46529284164859
Sikh %,0.1084598698481562
Christian %,2.142082429501085
Others %,1.843817787418655
