Religion,Value
Hindu %,47.27947238252267
Muslim %,32.64633140972795
Sikh %,0.0
Christian %,19.45589447650454
Others %,0.6183017312448474
