Religion,Value
Hindu %,85.28420744213302
Muslim %,13.00175798417814
Sikh %,0.7471432757105186
Christian %,0.3296220334016994
Others %,0.6372692645766188
