Religion,Value
Hindu %,66.3963963963964
Muslim %,20.25225225225226
Sikh %,1.297297297297297
Christian %,1.603603603603603
Others %,10.45045045045045
