Religion,Value
Hindu %,69.52380952380952
Muslim %,11.42857142857143
Sikh %,0.0
Christian %,15.23809523809524
Others %,3.80952380952381
