Religion,Value
Hindu %,10.1123595505618
Muslim %,5.617977528089887
Sikh %,0.0
Christian %,80.33707865168539
Others %,3.932584269662921
