Religion,Value
Hindu %,2.745995423340961
Muslim %,4.347826086956522
Sikh %,0.0
Christian %,89.93135011441647
Others %,2.974828375286041
