Religion,Value
Hindu %,14.73684210526316
Muslim %,5.263157894736842
Sikh %,3.157894736842105
Christian %,76.84210526315789
Others %,0.0
