Religion,Value
Hindu %,91.03235747303545
Muslim %,2.681047765793529
Sikh %,0.0
Christian %,5.701078582434515
Others %,0.5855161787365177
