Religion,Value
Hindu %,81.15377119469889
Muslim %,14.05184174624829
Sikh %,3.839407522900019
Christian %,0.331319430910154
Others %,0.6236601052426427
