Religion,Value
Hindu %,66.12903225806451
Muslim %,0.0
Sikh %,0.0
Christian %,17.74193548387097
Others %,16.12903225806452
