Religion,Value
Hindu %,76.35183850036049
Muslim %,13.43427060802692
Sikh %,0.0
Christian %,9.757269887046382
Others %,0.45662100456621
