Religion,Value
Hindu %,63.40314136125654
Muslim %,23.56020942408377
Sikh %,1.518324607329843
Christian %,11.41361256544503
Others %,0.1047120418848168
