Religion,Value
Hindu %,76.20253164556962
Muslim %,11.89873417721519
Sikh %,0.0
Christian %,8.354430379746836
Others %,3.544303797468355
