Religion,Value
Hindu %,79.21747587341962
Muslim %,20.24014363731578
Sikh %,0.4264232812149323
Christian %,0.0635894366724021
Others %,0.0523677713772723
