Religion,Value
Hindu %,66.31119728550654
Muslim %,22.15220552593311
Sikh %,9.45225399903054
Christian %,1.793504604944256
Others %,0.290838584585555
