Religion,Value
Hindu %,65.5114589155953
Muslim %,33.42649524874231
Sikh %,0.0186323830817961
Christian %,0.7266629401900504
Others %,0.3167505123905348
